merchant,category
asian fusion bistro guanacaste costa rica,Food
bar restaurante el paso v guanacaste costa rica,Food
bmi services inc,Insurance
discom santa cruz mini,Grocery
dlc*uber eats,Food
mandarina guanacaste costa rica,Food
maravida hotel and,Party
maravida hotel and resort guanacaste costa rica,Party
medusa,Food
medusa guanacaste costa rica,Food
megasuper tamarindo,Grocery
mini super las olas,Grocery
refugio bar,Food
restaurante dona ana n,Food
seguro prf plan a,Insurance
zarpe o que cuenca puntar puntarenas costa rica,Food
